{
  "image_roc_auc": 0.4713541666666667,
  "pixel_roc_auc": 0.8839100683117497,
  "threshold": 0.2501421272754669
}