{
  "image_roc_auc": 0.6838768115942029,
  "pixel_roc_auc": 0.8489893690425285,
  "threshold": 0.4706435203552246
}