{
  "image_roc_auc": 0.30714285714285716,
  "pixel_roc_auc": 0.9059075882899776,
  "threshold": 0.23848572373390198
}