{
  "image_roc_auc": 0.9794871794871796,
  "pixel_roc_auc": 0.9986327875731952,
  "threshold": 0.7163219451904297
}