{
  "image_roc_auc": 0.6957013574660634,
  "pixel_roc_auc": 0.9195678956430826,
  "threshold": 0.20474551618099213
}