{
  "image_roc_auc": 0.6493212669683258,
  "pixel_roc_auc": 0.7326124251324306,
  "threshold": 0.11644724011421204
}