{
  "image_roc_auc": 0.5482142857142858,
  "pixel_roc_auc": 0.95255266817168,
  "threshold": 0.20373421907424927
}