{
  "image_roc_auc": 0.8212669683257918,
  "pixel_roc_auc": 0.9300132589873461,
  "threshold": 0.25489363074302673
}