{
  "image_roc_auc": 0.921875,
  "pixel_roc_auc": 0.9823632897379281,
  "threshold": 0.3789847791194916
}