{
  "image_roc_auc": 0.13043478260869568,
  "pixel_roc_auc": 0.9548151546563163,
  "threshold": 0.23138214647769928
}