{
  "image_roc_auc": 0.6784313725490196,
  "pixel_roc_auc": 0.9624560631699881,
  "threshold": 0.3461059033870697
}