{
  "image_roc_auc": 0.6153846153846154,
  "pixel_roc_auc": 0.7328661744184102,
  "threshold": 0.10766398161649704
}