{
  "image_roc_auc": 0.43839285714285714,
  "pixel_roc_auc": 0.9323751259513842,
  "threshold": 0.6539900302886963
}