{
  "image_roc_auc": 0.30196078431372547,
  "pixel_roc_auc": 0.7800245878513604,
  "threshold": 0.1330694854259491
}