{
  "image_roc_auc": 0.5076923076923077,
  "pixel_roc_auc": 0.8718942826239606,
  "threshold": 0.19684968888759613
}