{
  "image_roc_auc": 0.6832579185520362,
  "pixel_roc_auc": 0.9348386502098361,
  "threshold": 0.4999352991580963
}