{
  "image_roc_auc": 0.5769230769230769,
  "pixel_roc_auc": 0.9220862454233859,
  "threshold": 0.30639415979385376
}