{
  "image_roc_auc": 0.7658371040723981,
  "pixel_roc_auc": 0.94673694870591,
  "threshold": 0.42089182138442993
}