{
  "image_roc_auc": 0.8970588235294118,
  "pixel_roc_auc": 0.9461549542281534,
  "threshold": 0.2073162943124771
}