{
  "image_roc_auc": 0.7918552036199095,
  "pixel_roc_auc": 0.9622355265283871,
  "threshold": 0.3026638329029083
}