{
  "image_roc_auc": 0.5467032967032968,
  "pixel_roc_auc": 0.9500724858442862,
  "threshold": 0.24994784593582153
}