{
  "image_roc_auc": 0.7424749163879598,
  "pixel_roc_auc": 0.7707651610372803,
  "threshold": 0.10168249160051346
}